-- phpMyAdmin SQL Dump
-- version 5.1.1
-- https://www.phpmyadmin.net/
--
-- Host: 127.0.0.1
-- Generation Time: Jun 27, 2023 at 10:43 AM
-- Server version: 10.4.21-MariaDB
-- PHP Version: 7.3.31

SET SQL_MODE = "NO_AUTO_VALUE_ON_ZERO";
START TRANSACTION;
SET time_zone = "+00:00";


/*!40101 SET @OLD_CHARACTER_SET_CLIENT=@@CHARACTER_SET_CLIENT */;
/*!40101 SET @OLD_CHARACTER_SET_RESULTS=@@CHARACTER_SET_RESULTS */;
/*!40101 SET @OLD_COLLATION_CONNECTION=@@COLLATION_CONNECTION */;
/*!40101 SET NAMES utf8mb4 */;

--
-- Database: `dams2`
--

-- --------------------------------------------------------

--
-- Table structure for table `courses`
--

CREATE TABLE `courses` (
  `course_id` int(8) NOT NULL,
  `course_code` varchar(8) NOT NULL,
  `course_description` varchar(50) NOT NULL,
  `department_id` int(8) NOT NULL,
  `units` int(4) NOT NULL,
  `lec_hrs_wk` int(4) NOT NULL,
  `rle_hrs_wk` int(4) NOT NULL,
  `lab_hrs_wk` int(4) NOT NULL
) ENGINE=InnoDB DEFAULT CHARSET=utf8mb4;

--
-- Dumping data for table `courses`
--

INSERT INTO `courses` (`course_id`, `course_code`, `course_description`, `department_id`, `units`, `lec_hrs_wk`, `rle_hrs_wk`, `lab_hrs_wk`) VALUES
(1, 'CSE 401', 'CS Professional Elective 1', 1, 3, 2, 0, 2),
(2, 'CS 422', 'Machine Learning', 1, 3, 2, 0, 2),
(3, 'CS 421', 'CS Thesis 2', 1, 3, 3, 0, 0);

-- --------------------------------------------------------

--
-- Table structure for table `departments`
--

CREATE TABLE `departments` (
  `department_id` int(8) NOT NULL,
  `department_name` varchar(50) NOT NULL,
  `department_abbrv` varchar(8) NOT NULL
) ENGINE=InnoDB DEFAULT CHARSET=utf8mb4;

--
-- Dumping data for table `departments`
--

INSERT INTO `departments` (`department_id`, `department_name`, `department_abbrv`) VALUES
(1, 'College of Informatics and Computing Sciences', 'CICS');

-- --------------------------------------------------------

--
-- Table structure for table `faculties`
--

CREATE TABLE `faculties` (
  `faculty_id` int(8) NOT NULL,
  `firstname` varchar(50) NOT NULL,
  `lastname` varchar(50) NOT NULL,
  `middlename` varchar(50) NOT NULL,
  `department_id` int(8) NOT NULL,
  `is_permanent` int(4) NOT NULL,
  `is_guest` int(4) NOT NULL,
  `is_partTime` int(4) NOT NULL
) ENGINE=InnoDB DEFAULT CHARSET=utf8mb4;

--
-- Dumping data for table `faculties`
--

INSERT INTO `faculties` (`faculty_id`, `firstname`, `lastname`, `middlename`, `department_id`, `is_permanent`, `is_guest`, `is_partTime`) VALUES
(1, 'Lorissa Joana', 'Buenas', 'E.', 1, 1, 0, 0);

-- --------------------------------------------------------

--
-- Table structure for table `faculty_loadings`
--

CREATE TABLE `faculty_loadings` (
  `fac_load_id` int(8) NOT NULL,
  `faculty_id` int(8) NOT NULL,
  `course_id` int(8) NOT NULL,
  `section_id` int(8) NOT NULL
) ENGINE=InnoDB DEFAULT CHARSET=utf8mb4;

--
-- Dumping data for table `faculty_loadings`
--

INSERT INTO `faculty_loadings` (`fac_load_id`, `faculty_id`, `course_id`, `section_id`) VALUES
(1, 1, 1, 1),
(2, 1, 2, 2),
(3, 1, 3, 2);

-- --------------------------------------------------------

--
-- Table structure for table `faculty_titles`
--

CREATE TABLE `faculty_titles` (
  `fac_title_id` int(8) NOT NULL,
  `faculty_id` int(8) NOT NULL,
  `title_id` int(8) NOT NULL
) ENGINE=InnoDB DEFAULT CHARSET=utf8mb4;

--
-- Dumping data for table `faculty_titles`
--

INSERT INTO `faculty_titles` (`fac_title_id`, `faculty_id`, `title_id`) VALUES
(1, 1, 1),
(2, 1, 2),
(3, 1, 3),
(4, 1, 4);

-- --------------------------------------------------------

--
-- Table structure for table `programs`
--

CREATE TABLE `programs` (
  `program_id` int(8) NOT NULL,
  `program_title` varchar(50) NOT NULL,
  `department_id` int(8) NOT NULL,
  `program_abbrv` varchar(8) NOT NULL
) ENGINE=InnoDB DEFAULT CHARSET=utf8mb4;

--
-- Dumping data for table `programs`
--

INSERT INTO `programs` (`program_id`, `program_title`, `department_id`, `program_abbrv`) VALUES
(1, 'Computer Science', 1, 'CS');

-- --------------------------------------------------------

--
-- Table structure for table `sections`
--

CREATE TABLE `sections` (
  `section_id` int(8) NOT NULL,
  `course_id` int(8) NOT NULL,
  `program_id` int(8) NOT NULL,
  `section_name` varchar(8) NOT NULL,
  `semester_id` int(8) NOT NULL,
  `no_of_students` int(8) NOT NULL
) ENGINE=InnoDB DEFAULT CHARSET=utf8mb4;

--
-- Dumping data for table `sections`
--

INSERT INTO `sections` (`section_id`, `course_id`, `program_id`, `section_name`, `semester_id`, `no_of_students`) VALUES
(1, 1, 1, '3201', 2, 8),
(2, 1, 1, '4201', 2, 8);

-- --------------------------------------------------------

--
-- Table structure for table `semesters`
--

CREATE TABLE `semesters` (
  `semester_id` int(8) NOT NULL,
  `sem_description` varchar(12) NOT NULL
) ENGINE=InnoDB DEFAULT CHARSET=utf8mb4;

--
-- Dumping data for table `semesters`
--

INSERT INTO `semesters` (`semester_id`, `sem_description`) VALUES
(1, 'First'),
(2, 'Second');

-- --------------------------------------------------------

--
-- Table structure for table `titles`
--

CREATE TABLE `titles` (
  `title_id` int(8) NOT NULL,
  `title_description` varchar(50) NOT NULL
) ENGINE=InnoDB DEFAULT CHARSET=utf8mb4;

--
-- Dumping data for table `titles`
--

INSERT INTO `titles` (`title_id`, `title_description`) VALUES
(1, 'Professor 1'),
(2, 'Vice Chancellor for Academic Affairs'),
(3, 'Dean'),
(4, 'Faculty Researcher');

--
-- Indexes for dumped tables
--

--
-- Indexes for table `courses`
--
ALTER TABLE `courses`
  ADD PRIMARY KEY (`course_id`);

--
-- Indexes for table `departments`
--
ALTER TABLE `departments`
  ADD PRIMARY KEY (`department_id`);

--
-- Indexes for table `faculties`
--
ALTER TABLE `faculties`
  ADD PRIMARY KEY (`faculty_id`);

--
-- Indexes for table `faculty_loadings`
--
ALTER TABLE `faculty_loadings`
  ADD PRIMARY KEY (`fac_load_id`);

--
-- Indexes for table `faculty_titles`
--
ALTER TABLE `faculty_titles`
  ADD PRIMARY KEY (`fac_title_id`);

--
-- Indexes for table `programs`
--
ALTER TABLE `programs`
  ADD PRIMARY KEY (`program_id`);

--
-- Indexes for table `sections`
--
ALTER TABLE `sections`
  ADD PRIMARY KEY (`section_id`);

--
-- Indexes for table `semesters`
--
ALTER TABLE `semesters`
  ADD PRIMARY KEY (`semester_id`);

--
-- Indexes for table `titles`
--
ALTER TABLE `titles`
  ADD PRIMARY KEY (`title_id`);

--
-- AUTO_INCREMENT for dumped tables
--

--
-- AUTO_INCREMENT for table `courses`
--
ALTER TABLE `courses`
  MODIFY `course_id` int(8) NOT NULL AUTO_INCREMENT, AUTO_INCREMENT=4;

--
-- AUTO_INCREMENT for table `departments`
--
ALTER TABLE `departments`
  MODIFY `department_id` int(8) NOT NULL AUTO_INCREMENT, AUTO_INCREMENT=2;

--
-- AUTO_INCREMENT for table `faculties`
--
ALTER TABLE `faculties`
  MODIFY `faculty_id` int(8) NOT NULL AUTO_INCREMENT, AUTO_INCREMENT=2;

--
-- AUTO_INCREMENT for table `faculty_loadings`
--
ALTER TABLE `faculty_loadings`
  MODIFY `fac_load_id` int(8) NOT NULL AUTO_INCREMENT, AUTO_INCREMENT=4;

--
-- AUTO_INCREMENT for table `faculty_titles`
--
ALTER TABLE `faculty_titles`
  MODIFY `fac_title_id` int(8) NOT NULL AUTO_INCREMENT, AUTO_INCREMENT=5;

--
-- AUTO_INCREMENT for table `programs`
--
ALTER TABLE `programs`
  MODIFY `program_id` int(8) NOT NULL AUTO_INCREMENT, AUTO_INCREMENT=2;

--
-- AUTO_INCREMENT for table `sections`
--
ALTER TABLE `sections`
  MODIFY `section_id` int(8) NOT NULL AUTO_INCREMENT, AUTO_INCREMENT=3;

--
-- AUTO_INCREMENT for table `semesters`
--
ALTER TABLE `semesters`
  MODIFY `semester_id` int(8) NOT NULL AUTO_INCREMENT, AUTO_INCREMENT=3;

--
-- AUTO_INCREMENT for table `titles`
--
ALTER TABLE `titles`
  MODIFY `title_id` int(8) NOT NULL AUTO_INCREMENT, AUTO_INCREMENT=5;
COMMIT;

/*!40101 SET CHARACTER_SET_CLIENT=@OLD_CHARACTER_SET_CLIENT */;
/*!40101 SET CHARACTER_SET_RESULTS=@OLD_CHARACTER_SET_RESULTS */;
/*!40101 SET COLLATION_CONNECTION=@OLD_COLLATION_CONNECTION */;
